{"val_loss":{"0":1.1180158489,"1":0.7734597819,"2":0.6674087008,"3":0.6264562384,"4":0.5832109636,"5":0.6158149991,"6":0.5739732369,"7":0.5917728852,"8":0.5724675703,"9":0.5692486256,"10":0.5681759323,"11":0.5509670006,"12":0.5893881327,"13":0.6082226748,"14":0.5869842858,"15":0.6185657255,"16":0.5917756405,"17":0.5980900961,"18":0.6353007425,"19":0.6212884368},"val_accuracy":{"0":0.6775112152,"1":0.7716847062,"2":0.8001582026,"3":0.81418401,"4":0.8305826783,"5":0.8182968497,"6":0.8312153816,"7":0.8265752792,"8":0.8334827423,"9":0.8393883705,"10":0.8402847648,"11":0.8439230323,"12":0.8403374553,"13":0.8358555436,"14":0.8369628191,"15":0.839441061,"16":0.8434484601,"17":0.8424993157,"18":0.8417084217,"19":0.8419193029},"loss":{"0":1.6957045989,"1":0.9543964262,"2":0.764057879,"3":0.655153595,"4":0.5856791473,"5":0.535178444,"6":0.5006505287,"7":0.4639226917,"8":0.4451336486,"9":0.4244365968,"10":0.4048160437,"11":0.3897686936,"12":0.3745622261,"13":0.3617841375,"14":0.3572798952,"15":0.3411826186,"16":0.3300104053,"17":0.3280615972,"18":0.3149435025,"19":0.309536602},"accuracy":{"0":0.519793272,"1":0.7184249759,"2":0.7700074911,"3":0.8009992242,"4":0.8200477362,"5":0.8342450857,"6":0.8440000415,"7":0.8545986414,"8":0.8612030149,"9":0.8669109941,"10":0.8705756664,"11":0.875769496,"12":0.8808051944,"13":0.8847071528,"14":0.8877127171,"15":0.8906260133,"16":0.8957539797,"17":0.8957539797,"18":0.8988913894,"19":0.9030042291}}